,AAPL,TSLA,GOOGL,MSFT,AMZN
AAPL,1.0,-0.008147451242643763,0.028521051916784994,0.022034003124977143,0.03576559034932829
TSLA,-0.008147451242643763,1.0,0.024233511188879665,-0.003899861735819837,0.0008139780876193637
GOOGL,0.028521051916784994,0.024233511188879665,1.0,0.0007944111922512495,-0.02777475627651049
MSFT,0.022034003124977143,-0.003899861735819837,0.0007944111922512495,1.0,0.07128139079751362
AMZN,0.03576559034932829,0.0008139780876193637,-0.02777475627651049,0.07128139079751362,1.0
